Tiempo (s),Temperatura (K),Resistencia (Ohm)
1.550,321.95,+7.46362290E+03
10.786,321.95,+7.46131740E+03
