Tiempo (s),Temperatura (K),Resistencia (Ohm)
1.523,284.54999999999995,5476.135540000001
9.713,283.75,5453.806659999999
